dwarf,emission,causal
disease,blindness,causal
women,accident,causal
reading,rage,causal
snowstorm,losses,causal
vaccine,fever,causal
laughing,dissatisfaction,causal
infection,swelling,causal
crisis,recession,causal
diode,signal,causal
shingles,pain,causal
death,relocation,causal
crowd,fear,causal
collision,bang,causal
earthquake,avalanche,causal
explosion,fire,causal
excitation,emission,causal
malfunction,delays,causal
bombarding,neutrons,causal
aftershocks,landslides,causal
duo,stir,causal
violence,death,causal
protests,revolution,causal
hinge,crack,causal
exposure,convulsions,causal
lorry,delays,causal
dogs,joy,causal
motor,sound,causal
clot,infraction,causal
rupture,earthquake,causal
tip,inquiry,causal
fatigue,corrosion,causal
infections,acne,causal
death,breakdown,causal
filament,light,causal
germs,diarrhea,causal
source,signal,causal
loss,dehydration,causal
soaps,irritation,causal
recession,pain,causal
thunderstorms,cancellation,causal
eyestrain,headache,causal
elimination,riot,causal
gas,pyrolysis,causal
war,insecurity,causal
asthma,swelling,causal
setbacks,unemployment,causal
heroin,withdrawal,causal
death,grief,causal
vocals,female,causal
earthquake,tsunami,causal
shockwaves,conditions,causal
meeting,laws,causal
linearity,applicability,causal
pyrotechnics,fire,causal
immunizations,fever,causal
lamp,light,causal
poisoning,deaths,causal
bacteria,illness,causal
war,mentality,causal
strike,disruption,causal
coal,pollution,causal
discharge,earthquakes,causal
bill,sizzle,causal
bombing,destruction,causal
roundness,deformation,causal
measles,rashes,causal
wind,corkscrew,causal
chemicals,roughness,causal
surgery,discomfort,causal
running,satisfaction,causal
electricity,alternators,causal
nerves,dilatation,causal
factories,pollution,causal
tugging,flashes,causal
unity,power,causal
earthquake,fire,causal
protozoa,poisoning,causal
anticipation,excitement,causal
algorithm,signal,causal
smiling,wrinkles,causal
neuroma,pain,causal
flight,crisis,causal
rains,floodwaters,causal
attack,sorrow,causal
selling,commission,causal
corruption,outrage,causal
demolition,terror,causal
drivers,accidents,causal
machine,sounds,causal
singer,commotion,causal
allergies,fever,causal
exhaustion,suffering,causal
chord,miscarriages,causal
dye,colouration,causal
compromises,war,causal
refugees,disease,causal
viruses,infection,causal
dryness,wrinkles,causal
pollutant,rain,causal
sun,radiation,causal
prices,collapse,causal
antibiotics,growth,causal
terrorist,disruption,causal
earthquake,trauma,causal
widgets,problem,causal
accident,snarl,causal
debt,stress,causal
attack,case,causal
programmer,mistake,causal
rock,accident,causal
tones,mood,causal
anger,hitting,causal
operation,arrest,causal
virus,outbreaks,causal
speeding,accidents,causal
malfunction,inflammation,causal
officers,suffering,causal
whistle,tone,causal
heat,steam,causal
landmines,terror,causal
train,vibration,causal
repetition,ecstasy,causal
charges,conflict,causal
selling,revenues,causal
development,conflicts,causal
loss,sorrow,causal
fear,blockage,causal
sun,light,causal
presence,release,causal
movie,impression,causal
erosion,rill,causal
quenches,vortex-densities,causal
negotiations,compromise,causal
tsunami,disaster,causal
chemicals,irritation,causal
pressure,burst,causal
water,tides,causal
viruses,cold,causal
people,unemployment,causal
studies,proof,causal
work,disruption,causal
stroke,pain,causal
wire,injury,causal
rains,catastrophe,causal
fire,damage,causal
relaxation,reduction,causal
sun,tides,causal
radiation,injury,causal
exhaustion,fever,causal
bacterium,infection,causal
conflict,collapse,causal
collision,injury,causal
breakthroughs,progress,causal
glaucoma,blindness,causal
properties,discolouration,causal
destruction,suffering,causal
necessity,entrepreneurship,causal
ginseng,taste,causal
virus,tonsillitis,causal
chemotherapy,nausea,causal
refusal,conflict,causal
incidents,distress,causal
bout,stroke,causal
particles,scratches,causal
vaccine,ache,causal
discussion,accolade,causal
purchase,disappointment,causal
measuring,improvement,causal
charge,field,causal
asthma,coughing,causal
tree,smell,causal
vibration,tone,causal
flu,inflammation,causal
dumping,pollution,causal
expansion,swelling,causal
thorns,wounds,causal
transmitter,signal,causal
pain,tears,causal
legs,vortices,causal
celebs,scandals,causal
community,movement,causal
infertility,grief,causal
invasion,destruction,causal
comet,explosion,causal
loss,grief,causal
incubation,reduction,causal
influx,mania,causal
lorries,emissions,causal
war,damage,causal
community,personality,causal
attack,product,causal
failure,loss,causal
arrival,tardiness,causal
infection,death,causal
insecurity,violence,causal
clock,melody,causal
component,background,causal
colorants,rashes,causal
candida,infections,causal
purchase,satisfaction,causal
injuries,unconsciousness,causal
expansions,birthmarks,causal
disturbances,acne,causal
crash,gash,causal
miscarriage,grief,causal
dermatitis,itchiness,causal
riot,deaths,causal
immigrants,population,causal
man,kidnapping,causal
war,mortality,causal
corruption,crisis,causal
explosion,damage,causal
flows,erosion,causal
antibiotics,colitis,causal
microphone,signal,causal
humidity,contamination,causal
effect,peakeffect,causal
toxin,paralysis,causal
scandal,resignation,causal
yoga,flexibility,causal
disease,hardening,causal
impact,torsion,causal
presentation,debate,causal
cycling,happiness,causal
molt,feathers,causal
recession,hardship,causal
dancing,happiness,causal
vaccum,movement,causal
anger,aggressions,causal
overheating,fire,causal
tornado,devastation,causal
earthquake,tremors,causal
waves,destruction,causal
sadness,inspiration,causal
photomultiplier,signal,causal
radiation,inflammation,causal
victory,screaming,causal
teaching,talent,causal
applicants,delay,causal
bombing,carnage,causal
sinusitis,anxiety,causal
outbreak,injuries,causal
development,clearance,causal
injury,dizziness,causal
sodium,retention,causal
drum,sound,causal
leak,spill,causal
killings,firing,causal
vaccine,outbreak,causal
tremors,damages,causal
city,anger,causal
device,termination,causal
calm,ceasefire,causal
fingertips,bruises,causal
candle,light,causal
chemicals,anxiety,causal
landslide,emergency,causal
therapy,injury,causal
noises,dogs,causal
bacteria,infection,causal
destruction,invasions,causal
conflict,devastation,causal
weathering,cementation,causal
destruction,migrations,causal
militia,violence,causal
depression,inhibition,causal
eyelids,blinking,causal
dermatitis,dandruff,causal
man,thump,causal
transmitter,wave,causal
plate,earthquake,causal
expansion,destruction,causal
weather,accidents,causal
acceleration,pressure,causal
beam,spark,causal
circulation,convergence,causal
cocaine,mortality,causal
tests,information,causal
negligence,accident,causal
stitches,scars,causal
spray,rainbow,causal
tumor,death,causal
therapy,shrinkage,causal
inflation,profits,causal
argument,shooting,causal
package,deficits,causal
substance,disruption,causal
lack,reliance,causal
drinking,tremors,causal
ability,success,causal
fireworks,fire,causal
ointment,discomfort,causal
wound,infection,causal
earthquake,damage,causal
quake,loss,causal
storms,devastations,causal
experiences,militancy,causal
speculation,structure,causal
ash,drama,causal
humans,wildfires,causal
spell,threat,causal
motion,suction,causal
injection,death,causal
therapy,calcification,causal
chopsticks,infection,causal
blaze,fire,causal
laughter,aching,causal
air,breezes,causal
policy,delays,causal
fog,disorientation,causal
lapse,screaming,causal
faults,cancellations,causal
preeclampsia,mortality,causal
accident,delays,causal
hitting,joy,causal
struggle,drowning,causal
aftershock,fire,causal
virus,warts,causal
smell,appetite,causal
menopause,anxiety,causal
quake,damage,causal
pleas,revolution,causal
fog,cancellation,causal
sensitivity,production,causal
sun,wrinkles,causal
drinks,diabetes,causal
tension,headaches,causal
teaching,joy,causal
resignation,byelection,causal
scandal,impeachment,causal
sunrise,light,causal
deprivation,worsening,causal
rains,disaster,causal
crash,recession,causal
failure,famine,causal
treatment,reduction,causal
viruses,outbreaks,causal
exports,growth,causal
murders,execution,causal
breeding,concealing,causal
fog,irritation,causal
exertion,satisfaction,causal
fog,moisture,causal
increase,strain,causal
slugs,damage,causal
intersection,fireball,causal
fungi,mycoses,causal
parasite,toxoplasmosis,causal
constipation,fever,causal
law,problem,causal
debris,crash,causal
running,injuries,causal
pressures,stress,causal
growth,inflammation,causal
trial,humiliation,causal
overdose,collapse,causal
drugs,unconsciousness,causal
rainfall,landslide,causal
invasion,deaths,causal
overpopulation,tension,causal
gun,beam,causal
dehydration,dizziness,causal
stress,acne,causal
disorders,vomiting,causal
indigestion,pain,causal
rendition,impression,causal
success,celebration,causal
infection,cancer,causal
absorption,increase,causal
crisis,damage,causal
attacks,disruption,causal
sun,evaporation,causal
loop,light,causal
bite,rash,causal
earthquakes,cracks,causal
infection,sinusitis,causal
construction,dust,causal
irritation,contractions,causal
overfertilizing,growth,causal
malfunction,rush,causal
diseases,illnesses,causal
hurricane,harm,causal
enzymes,disorders,causal
bugs,fear,causal
smell,taste,causal
dust,coughing,causal
spills,damage,causal
biography,credentials,causal
overproduction,growth,causal
divorce,sadness,causal
germ,ulcer,causal
fungus,ringworm,causal
zinc,growth,causal
electrolysis,reduction,causal
breathing,suffocation,causal
hurricanes,destruction,causal
pathogens,infection,causal
cockroaches,fear,causal
ingestion,disease,causal
recession,crisis,causal
thought,anxiety,causal
virus,craziness,causal
extraction,extinction,causal
radiation,recurrence,causal
threats,stress,causal
earthquake,landslide,causal
situation,tension,causal
advertisement,impression,causal
system,frustration,causal
exposure,frustration,causal
rain,floods,causal
unemployment,fallout,causal
earthquake,toll,causal
diverticulitis,pain,causal
drainage,pseudolesion,causal
laughter,choking,causal
seas,damage,causal
inflation,benefits,causal
infections,boils,causal
destruction,collapse,causal
drugs,nausea,causal
leaks,growth,causal
overdevelopment,extinction,causal
stress,divorce,causal
action,tick,causal
anesthetics,depression,causal
viruses,warts,causal
imbalances,paralysis,causal
activity,earthquake,causal
colds,fevers,causal
virus,disease,causal
irritants,inflammation,causal
protest,jams,causal
generator,signal,causal
selling,profit,causal
meteoroids,streaks,causal
accident,death,causal
inspiration,process,causal
silversmiths,riot,causal
surface,sound,causal
injury,operations,causal
smoking,swelling,causal
asteroid,devastation,causal
buss,signal,causal
winds,cancellations,causal
airline,cancellation,causal
steam,alarm,causal
parasite,pain,causal
germs,influenza,causal
vibrations,motion,causal
organism,disease,causal
spending,strain,causal
air,dryer,causal
figure,singing,causal
work,pleasure,causal
smoke,suffocation,causal
washing,shrinkage,causal
reaction,affect,causal
storm,devastations,causal
rains,overflow,causal
books,profits,causal
signs,stir,causal
treatment,harm,causal
nicotine,increase,causal
competition,progress,causal
mess,crisis,causal
disease,pain,causal
accident,pain,causal
coup,confusion,causal
cooling,shrinkage,causal
crisis,pain,causal
floats,amazement,causal
drill,evacuation,causal
laser,signal,causal
frustrations,stress,causal
dog,crash,causal
virus,outbreak,causal
sidewalk,heat,causal
overflows,problems,causal
sun,damage,causal
sounds,manakin,causal
addition,reaction,causal
computers,radiation,causal
collision,fire,causal
stress,corrosion,causal
typhoon,destruction,causal
depression,insomnia,causal
perturbation,instability,causal
earthquake,buckling,causal
execution,infection,causal
exposure,dryness,causal
delusions,distress,causal
waterjet,gouge,causal
product,radiation,causal
resources,stress,causal
epidemic,devastation,causal
process,interference,causal
flame,damage,causal
attack,shock,causal
reactors,electricity,causal
control,decrease,causal
flood,crisis,causal
dams,power,causal
braces,discomfort,causal
germs,disease,causal
beverages,benefits,causal
damage,growth,causal
papillomavirus,cancers,causal
ball,noise,causal
embers,fire,causal
gunfire,terror,causal
sinking,loss,causal
bacteria,meningitis,causal
contingent,discussion,causal
people,deficits,causal
bacteria,breakouts,causal
intoxication,injury,causal
inequality,riots,causal
virus,infection,causal
bombs,downturn,causal
injuries,migraines,causal
guy,fight,causal
event,inspiration,causal
administration,poverty,causal
exhibition,revolution,causal
infection,inflammation,causal
snowstorm,catastrophe,causal
revellers,behaviour,causal
dispute,wars,causal
patriots,confidence,causal
car,sound,causal
addiction,damage,causal
hunting,extinction,causal
people,destruction,causal
collapse,crisis,causal
speech,anger,causal
accumulation,hole,causal
floods,damage,causal
storm,swell,causal
cavity,shape,causal
people,rebellion,causal
destruction,damage,causal
lavas,eruption,causal
debris,pustules,causal
bacteria,mortality,causal
clergy,riot,causal
resonance,gaps,causal
loss,risk,causal
fireplace,warmth,causal
impulses,heartbeat,causal
outbreak,deaths,causal
pie,poisoning,causal
exposure,watering,causal
system,harm,causal
criminals,fire,causal
contraction,pain,causal
exposure,deterioration,causal
fog,accident,causal
mobility,disruption,causal
lesions,hemiplegia,causal
trauma,nosebleeds,causal
suffocation,shock,causal
toxin,illness,causal
refrigerator,hum,causal
species,noise,causal
pollution,disease,causal
parasite,malaria,causal
tsunami,damage,causal
wine,headache,causal
praise,concern,causal
mistake,quarrel,causal
plague,darkness,causal
wound,death,causal
perfume,headaches,causal
suicide,death,causal
wind,delays,causal
hull,scratch,causal
hurricanes,damage,causal
addiction,neglect,causal
bacteria,diarrhea,causal
storm,damage,causal
running,loss,causal
drought,famine,causal
fight,carnage,causal
preservatives,itchiness,causal
war,harm,causal
drugs,disease,causal
ionization,avalanche,causal
software,drain,causal
masts,nausea,causal
person,alibi,causal
arrival,trauma,causal
asteroid,extinction,causal
reasons,aberrations,causal
bending,fracture,causal
glands,spiciness,causal
movement,inhibition,causal
cholesterol,disease,causal
command,echoing,causal
generator,energy,causal
inflammation,cysts,causal
passage,noise,causal
conjunctivitis,pinkeye,causal
trouble,maker,causal
hurricanes,chaos,causal
bleeding,suffering,causal
clot,blockage,causal
asteroid,boom,causal
pop,concerto,causal
inhalation,death,causal
politicisation,circumstances,causal
commerce,demise,causal
snow,spill,causal
change,disasters,causal
cigarettes,nausea,causal
viruses,illness,causal
incident,sensation,causal
proliferation,lymphomas,causal
fight,screaming,causal
infection,dacryoadenitis,causal
bacteria,acne,causal
awareness,joy,causal
terrorists,suffering,causal
lightning,surges,causal
germs,illnesses,causal
screen,light,causal
virus,cancer,causal
strikers,damage,causal
properties,amphibolites,causal
earthquake,blackout,causal
rains,increase,causal
crash,explosion,causal
confrontation,commotion,causal
spill,catastrophe,causal
teaching,fulfillment,causal
terror,deaths,causal
jar,hematoma,causal
missile,light,causal
crowd,optimism,causal
withdrawal,aftershocks,causal
documentary,scandal,causal
virus,rabies,causal
giving,happiness,causal
proposal,opposition,causal
activity,expenditure,causal
collision,spill,causal
virus,illness,causal
internship,interest,causal
experiment,state,causal
taxes,fluctuations,causal
insoles,spot,causal
eruption,evacuation,causal
science,progress,causal
research,controversy,causal
pills,headaches,causal
shortage,anemia,causal
germs,sickness,causal
crusaders,outrage,causal
unemployment,alcoholism,causal
corrosion,leakage,causal
pollution,smog,causal
deluge,flood,causal
accident,injury,causal
events,problem,causal
state,problem,causal
water,damage,causal
earthquake,catastrophe,causal
infections,headaches,causal
influx,drain,causal
plants,pollution,causal
worms,distention,causal
malfunctions,delays,causal
fire,alarm,causal
defeat,frustration,causal
consumers,collapse,causal
dehydration,fever,causal
fuel,fire,causal
writing,revolution,causal
burrows,rashes,causal
necessity,emigration,causal
longings,tension,causal
disorder,impairment,causal
earthquake,losses,causal
narrowing,pressure,causal
design,setbacks,causal
swinging,oscillation,causal
bacteria,inflammation,causal
helping,fulfillment,causal
advertisements,murders,causal
bike-accident,injuries,causal
earthquake,marsh,causal
pressure,deformation,causal
steam,backpressure,causal
war,conquests,causal
helicobacter,ulcer,causal
press,reaction,causal
acid,adhesion,causal
clock,chime,causal
blasts,fire,causal
driver,harm,causal
fighting,deaths,causal
fuels,pollution,causal
injury,discomfort,causal
immigration,decline,causal
storm,death,causal
election,spike,causal
writing,joy,causal
overpopulation,poverty,causal
accident,evacuation,causal
conflict,anxiety,causal
meltdown,reaction,causal
arrival,noise,causal
flea,infestation,causal
castle,light,causal
body,heat,causal
eruption,flows,causal
anesthetic,insensibility,causal
death,abandonment,causal
hormone,changes,causal
allergies,coughing,causal
virus,fever,causal
heat,currents,causal
excess,surplus,causal
mentoring,satisfaction,causal
movements,earthquakes,causal
waste,fumes,causal
buring,pollution,causal
decrease,osteoporosis,causal
crowd,harassment,causal
consumption,behaviour,causal
funding,boost,causal
battle,panic,causal
drug,death,causal
sound,cow,causal
drinking,accident,causal
band,tsunami,causal
condition,indicator,causal
bankers,distress,causal
disability,benefits,causal
gases,evaporation,causal
pregnancy,nausea,causal
activity,alterations,causal
tsunami,havoc,causal
movement,earthquakes,causal
decrease,strategies,causal
producer,energy,causal
earthquake,slides,causal
aftershocks,panic,causal
riot,excitement,causal
influx,decline,causal
flashlight,light,causal
construction,refinement,causal
caller,mistake,causal
medication,tingling,causal
institutions,fraud,causal
construction,damage,causal
fleas,rashes,causal
policies,disaster,causal
temperature,reaction,causal
effects,damage,causal
princess,heat,causal
law,redistribution,causal
acupuncture,relief,causal
accident,radiation,causal
spilling,burn,causal
fires,smoke,causal
disorder,loss,causal
earthquake,failures,causal
joy,laughter,causal
reaction,inversion,causal
scleroderma,hardening,causal
germs,flu,causal
eruption,earthquake,causal
assassination,arrests,causal
selling,fortune,causal
footsteps,activation,causal
boiler,heat,causal
flavours,joy,causal
visit,frenzy,causal
rubbing,pain,causal
illness,abuse,causal
dryer,fire,causal
dryness,coughing,causal
lymphedema,swelling,causal
transmitter,transmission,causal
clogging,acne,causal
belief,experience,causal
conflict,destruction,causal
education,devastation,causal
bombing,deaths,causal
movement,rediscovery,causal
snowstorm,delays,causal
infection,irritation,causal
eruption,damage,causal
interactions,contortions,causal
vaccine,increase,causal
virus,inflammation,causal
deregulation,damage,causal
infections,rash,causal
fats,disease,causal
floods,harm,causal
defects,dystrophies,causal
amplifier,swing,causal
pinworm,infestation,causal
immigration,influx,causal
colds,inflammation,causal
fungi,mortality,causal
cathode,electrons,causal
performance,loss,causal
physician,deaths,causal
drinking,suffering,causal
heat,discoloration,causal
cities,emissions,causal
subversion,calamities,causal
stress,tension,causal
cooling,preservation,causal
developer,adventure,causal
stress,breakouts,causal
drinks,dizziness,causal
interpolation,distortion,causal
fever,convulsion,causal
exhaustion,headaches,causal
fungus,irritation,causal
abuse,behaviour,causal
recession,deterioration,causal
vehicle,damages,causal
explosive,wave,causal
currents,perturbations,causal
reboot,message,causal
typhoon,damage,causal
man,jolliness,causal
disc,pressure,causal
complaint,lead,causal
fear,attacks,causal
massacre,onslaught,causal
cars,pollution,causal
floods,disruption,causal
sun,irritation,causal
divorce,deprivation,causal
crashes,collapse,causal
magma,steam,causal
mold,headaches,causal
fume,nausea,causal
bills,bankruptcies,causal
water,erosion,causal
desires,war,causal
money,quarrel,causal
traveling,discomfort,causal
light,activation,causal
rainfall,flooding,causal
depression,suicide,causal
preparations,increase,causal
fear,anxiety,causal
malfunction,launch,causal
liberalization,gains,causal
fume,sensitization,causal
exhaustion,collapse,causal
media,mistake,causal
smile,hope,causal
sale,profit,causal
burning,smoke,causal
claustrophobia,panic,causal
markets,business,causal
recession,slowdown,causal
tiller,catamaran,non_causal
fowl,skein,non_causal
pages,scene,non_causal
terrorism,society,non_causal
painting,burgher,non_causal
bride,pheras,non_causal
papers,range,non_causal
plot,girl,non_causal
member,committee,non_causal
soup,vegetable,non_causal
tofu,milk,non_causal
cover,ewer,non_causal
beads,string,non_causal
boar,sounder,non_causal
president,committee,non_causal
kilns,potter,non_causal
quote,spot,non_causal
swing,wicket,non_causal
pieces,place,non_causal
syringe,beaker,non_causal
coins,sack,non_causal
blog,ambassador,non_causal
flour,dragon,non_causal
establishment,soup-seller,non_causal
name,vote,non_causal
piles,dealers,non_causal
hanger,accomplice,non_causal
foot,subject,non_causal
beer,rice,non_causal
eggs,queen,non_causal
cells,patient,non_causal
conclusions,bunch,non_causal
substitute,company,non_causal
concrete,builders,non_causal
book,man,non_causal
metals,environment,non_causal
campaign,initiative,non_causal
cantons,confederation,non_causal
epic,band,non_causal
head,team,non_causal
essays,workshops,non_causal
butterflies,kaleidoscope,non_causal
teeth,wallet,non_causal
axe,carpenter,non_causal
toothbrush,patient,non_causal
garbages,ocean,non_causal
chips,mouth,non_causal
password,system,non_causal
bytecodes,structure,non_causal
commandos,plant,non_causal
helve,hatchet,non_causal
statement,band,non_causal
gun,officer,non_causal
contents,liposomes,non_causal
evidence,box,non_causal
point,house,non_causal
rocks,pile,non_causal
script,childhood,non_causal
technique,singer,non_causal
blowlamp,workmen,non_causal
genie,lamp,non_causal
questions,rules,non_causal
vipers,brood,non_causal
settlers,population,non_causal
solvent,flask,non_causal
idea,story,non_causal
letter,prediction,non_causal
painting,crate,non_causal
books,knitting,non_causal
candidates,crush,non_causal
heroin,puppies,non_causal
spoon,children,non_causal
pigeons,passel,non_causal
student,interview,non_causal
pneuroblasts,dam,non_causal
key,king,non_causal
water,solution,non_causal
mycelia,truffles,non_causal
figure,demonstrators,non_causal
islands,archipelago,non_causal
piece,fellow,non_causal
press,villagers,non_causal
literature,problems,non_causal
luminaries,array,non_causal
article,criticisms,non_causal
exhibition,fight,non_causal
novel,ghosts,non_causal
tube,stomach,non_causal
competitions,festival,non_causal
professor,care,non_causal
paper,topics,non_causal
report,committee,non_causal
novel,writer,non_causal
film,director,non_causal
shells,areas,non_causal
conclusion,importance,non_causal
grenadiers,battalion,non_causal
people,mountain,non_causal
remark,author,non_causal
vodka,factory,non_causal
powder,flask,non_causal
vitamin,therapy,non_causal
outsiders,band,non_causal
hay,grass,non_causal
guides,maps,non_causal
blackboard,teacher,non_causal
backpage,newspaper,non_causal
router,box,non_causal
strategy,needs,non_causal
ball,leather,non_causal
ceiling,kitchen,non_causal
whisky,molasses,non_causal
assemblies,cask,non_causal
movie,infanticide,non_causal
resources,biologist,non_causal
wine,grape,non_causal
upload,system,non_causal
houses,government,non_causal
fueltruck,box,non_causal
waistband,skirt,non_causal
monitors,bank,non_causal
gunmen,scene,non_causal
field,core,non_causal
hedgehogs,prickle,non_causal
plot,people,non_causal
list,magazine,non_causal
frame,picture,non_causal
shuttle,senator,non_causal
professionals,cohort,non_causal
brickwork,bricklayer,non_causal
pins,wheel,non_causal
crabs,dose,non_causal
services,array,non_causal
drill,dentist,non_causal
kidneys,hosts,non_causal
invoice,supplier,non_causal
devices,phones,non_causal
mixture,container,non_causal
skateboard,company,non_causal
accused,scene,non_causal
blazer,bin,non_causal
elements,combo,non_causal
letter,agent,non_causal
ads,books,non_causal
systems,terrorists,non_causal
hole,surgeon,non_causal
report,technician,non_causal
probe,oven,non_causal
turkeys,raffle,non_causal
condoms,factory,non_causal
atoms,hailstorm,non_causal
people,cities,non_causal
parrots,psittacosis,non_causal
arms,manufacturer,non_causal
services,call,non_causal
publication,violations,non_causal
alcohol,bottle,non_causal
wheel,panel,non_causal
sugar,tea,non_causal
seat,driver,non_causal
blizzards,region,non_causal
floor,house,non_causal
gods,pantheon,non_causal
newspaper,box,non_causal
manager,plane,non_causal
ambassador,border,non_causal
vinegar,bottle,non_causal
documents,shredder,non_causal
bird,tank,non_causal
hounds,stable,non_causal
herring,dish,non_causal
well,railroad,non_causal
butter,jar,non_causal
background,student,non_causal
bile,liver,non_causal
staff,man,non_causal
sects,confederation,non_causal
bomb,victims,non_causal
answer,mouth,non_causal
fans,clique,non_causal
wastes,tanks,non_causal
article,history,non_causal
talk,graphs,non_causal
response,manufacturer,non_causal
syrup,peach,non_causal
statue,boy,non_causal
jewels,casket,non_causal
burglar,prison,non_causal
suppliers,association,non_causal
republics,confederacy,non_causal
money,project,non_causal
word,thwong,non_causal
blossom,apple,non_causal
cormorants,flight,non_causal
receiver,package,non_causal
rod,electroscope,non_causal
water,pipe,non_causal
bag,sack,non_causal
whales,gam,non_causal
loom,weaver,non_causal
maireeners,necklace,non_causal
sheet,envelope,non_causal
patents,list,non_causal
argument,source,non_causal
components,workers,non_causal
particles,light,non_causal
carbon,emitter,non_causal
money,education,non_causal
ladies,ensemble,non_causal
system,participants,non_causal
experiment,researchers,non_causal
huts,huddle,non_causal
musicians,ensemble,non_causal
questions,debate,non_causal
literature,position,non_causal
hoe,workman,non_causal
photographs,survivors,non_causal
family,region,non_causal
coupon,customer,non_causal
train,general,non_causal
ride,library,non_causal
memory,unit,non_causal
telescope,eye,non_causal
variable,axis,non_causal
oil,soybean,non_causal
hill,troops,non_causal
gifts,suitcase,non_causal
plan,bondholders,non_causal
wives,harem,non_causal
substance,chamber,non_causal
laws,crimes,non_causal
weasels,sneak,non_causal
pistol,safe,non_causal
mist,air,non_causal
vehicle,plant,non_causal
deliverables,information,non_causal
article,music,non_causal
water,paintings,non_causal
drums,producer,non_causal
guns,team,non_causal
commands,malware,non_causal
letter,dinner,non_causal
glomeruli,kidneys,non_causal
drawings,configurations,non_causal
sensor,dryer,non_causal
ducks,brace,non_causal
picks,machine,non_causal
spirit,vessel,non_causal
probe,prosecution,non_causal
backflap,suitcase,non_causal
representatives,house,non_causal
helve,ax,non_causal
citizens,community,non_causal
juice,orange,non_causal
appellant,house,non_causal
clothing,factory,non_causal
results,figures,non_causal
output,body,non_causal
present,box,non_causal
plane,cemetery,non_causal
sketches,composer,non_causal
audiophile,forest,non_causal
refugee,country,non_causal
people,congregation,non_causal
words,newspaper,non_causal
special,term,non_causal
crabmeat,can,non_causal
regulator,supplies,non_causal
portals,church,non_causal
plug,microphone,non_causal
products,locations,non_causal
bag,face,non_causal
artists,cabal,non_causal
alizarin,roots,non_causal
spring,valve,non_causal
aircraft,experts,non_causal
effluent,lake,non_causal
comments,leader,non_causal
document,committee,non_causal
padlock,flat,non_causal
coat,artist,non_causal
example,scheme,non_causal
files,programs,non_causal
conversation,investment,non_causal
handle,door,non_causal
authors,pleiad,non_causal
dog,crate,non_causal
backpackers,countries,non_causal
button,belly,non_causal
caravan,depo,non_causal
apple,tree,non_causal
money,basket,non_causal
soul,body,non_causal
natives,tribe,non_causal
arm,pedometer,non_causal
guide,resources,non_causal
dipoles,array,non_causal
internet,listeners,non_causal
card,deck,non_causal
crank,engine,non_causal
computer,machine,non_causal
nectar,guava,non_causal
comment,critic,non_causal
letters,government,non_causal
groceries,basket,non_causal
coffee,couple,non_causal
cable,headphone,non_causal
car,crate,non_causal
albums,values,non_causal
hull,ship,non_causal
report,casualties,non_causal
flukes,dolphin,non_causal
filters,streams,non_causal
sequoias,grove,non_causal
toy,box,non_causal
story,orphanage,non_causal
boy,family,non_causal
gun,safe,non_causal
hammer,worker,non_causal
speech,narrator,non_causal
broth,flask,non_causal
stick,bow,non_causal
fish,shoal,non_causal
boom,crane,non_causal
secret,website,non_causal
cube,block,non_causal
decision,maker,non_causal
notes,state,non_causal
writings,formulations,non_causal
vehicle,photographer,non_causal
paper,binder,non_causal
windows,train,non_causal
necklace,safe,non_causal
dvd,envelope,non_causal
crowd,capital,non_causal
knob,door,non_causal
declaration,chairman,non_causal
insulin,organ,non_causal
soldiers,jungle,non_causal
oats,island,non_causal
poet,center,non_causal
handgrip,arm,non_causal
lid,coffin,non_causal
scene,craftsman,non_causal
play,person,non_causal
marksmen,legion,non_causal
rum,juice,non_causal
vocabulary,languages,non_causal
mechanism,ovens,non_causal
raccoons,nursery,non_causal
egg,miner,non_causal
alloy,sprayer,non_causal
spear,hunter,non_causal
areas,store,non_causal
perchlorate,soil,non_causal
books,bag,non_causal
image,poster,non_causal
garment,reliquary,non_causal
snout,dog,non_causal
template,brain,non_causal
book,battles,non_causal
work,difficulties,non_causal
pellets,plasmas,non_causal
wagon,train,non_causal
podcasting,customer,non_causal
book,master,non_causal
grenade,tin,non_causal
apples,entrails,non_causal
message,cleric,non_causal
donkeys,drove,non_causal
tissue,breast,non_causal
pepper,jar,non_causal
algorithms,software,non_causal
popcorn,kettle,non_causal
pointer,structure,non_causal
products,charities,non_causal
pancreas,rabbit,non_causal
copy,page,non_causal
wall,mason,non_causal
corporal,army,non_causal
introduction,book,non_causal
changes,spaces,non_causal
gardens,winery,non_causal
wine,bottle,non_causal
register,cashier,non_causal
ceramics,potter,non_causal
sedation,dentists,non_causal
car,manufacturer,non_causal
claw,animals,non_causal
key,pouch,non_causal
trees,stand,non_causal
criminal,prison,non_causal
knobs,slots,non_causal
vaccine,plant,non_causal
jars,cages,non_causal
discussion,contrasts,non_causal
nuts,plane,non_causal
intelligence,litter,non_causal
lizards,bottle,non_causal
chapter,level,non_causal
charger,suitcase,non_causal
teeth,bottle,non_causal
body,sack,non_causal
binder,box,non_causal
helix,auricle,non_causal
novel,historian,non_causal
disease,dogs,non_causal
lantern,angel,non_causal
trees,grove,non_causal
form,century,non_causal
strap,polyurethane,non_causal
fable,difference,non_causal
hull,boat,non_causal
ship,ocean,non_causal
boat,beach,non_causal
keyboard,player,non_causal
document,series,non_causal
cargo,factory,non_causal
craters,meteorite,non_causal
series,authors,non_causal
robots,swarm,non_causal
padlock,factory,non_causal
cable,machine,non_causal
essay,study,non_causal
phone,cradle,non_causal
city,author,non_causal
exhibition,glamour,non_causal
man,bridge,non_causal
spans,bridge,non_causal
father,land,non_causal
basket,village,non_causal
slapshot,glove,non_causal
islands,sea,non_causal
photographs,exhibition,non_causal
blades,antenna,non_causal
museum,mansion,non_causal
prices,hotel,non_causal
cricket,business,non_causal
furnace,factory,non_causal
line,designer,non_causal
nucleus,midbrain,non_causal
book,pool,non_causal
pictures,scrapbooks,non_causal
insulin,pancreas,non_causal
information,packet,non_causal
locomotive,train,non_causal
method,mathematicians,non_causal
technologies,enterprise,non_causal
lists,jar,non_causal
idea,archaeologists,non_causal
tools,chimpanzees,non_causal
rope,prayer-bell,non_causal
game,date,non_causal
draft,scientist-authors,non_causal
baby,shoebox,non_causal
people,homes,non_causal
motherboard,manufacturer,non_causal
microscope,surgeon,non_causal
shells,broadside,non_causal
stew,chicken,non_causal
newsletter,work,non_causal
religion,society,non_causal
monitor,lid,non_causal
recomendations,article,non_causal
country,war,non_causal
piece,friend,non_causal
rampart,gangs,non_causal
syrup,raspberry,non_causal
moorhens,plump,non_causal
rim,cockpit,non_causal
bar,clock,non_causal
show,waiters,non_causal
party,father,non_causal
eggs,clutch,non_causal
statue,sculptor,non_causal
tests,battery,non_causal
monuments,times,non_causal
message,fiancee,non_causal
notebook,astronomers,non_causal
paper,backpack,non_causal
paw,cat,non_causal
manuscript,history,non_causal
material,vial,non_causal
coolant,cylinder,non_causal
copper,tissue,non_causal
laws,play,non_causal
statue,temple,non_causal
mules,barren,non_causal
style,designs,non_causal
therapy,treatment,non_causal
parts,device,non_causal
cricketers,team,non_causal
colors,canvases,non_causal
filter,system,non_causal
wood,bonfire,non_causal
perfumes,company,non_causal
fingers,wind,non_causal
classes,alliance,non_causal
perspective,knowledge,non_causal
eyebrow,hair,non_causal
review,paper,non_causal
broadsword,units,non_causal
speech,doctrine,non_causal
biscuits,hamper,non_causal
mails,servers,non_causal
goo,bottle,non_causal
vodka,rye,non_causal
shower,room,non_causal
service,newspapers,non_causal
e-mail,account,non_causal
pottery,potters,non_causal
section,document,non_causal
units,machine,non_causal
thorns,ground,non_causal
water,region,non_causal
branch,diagram,non_causal
hook,crane,non_causal
head,pig,non_causal
skin,fingers,non_causal
hematoxylin,heartwood,non_causal
walls,hospital,non_causal
chip,pet,non_causal
reinstatement,remedy,non_causal
sample,funnel,non_causal
planes,rooms,non_causal
radio,inventor,non_causal
term,article,non_causal
music,slideshows,non_causal
funds,project,non_causal
wall,intestines,non_causal
essay,writer,non_causal
forms,students,non_causal
smelts,quantity,non_causal
keyboard,user,non_causal
paint,personnel,non_causal
wine,flower,non_causal
title,book,non_causal
letter,deathbed,non_causal
passion,lover,non_causal
outbreak,restaurant,non_causal
stethoscope,doctor,non_causal
book,work,non_causal
camera,operator,non_causal
mounds,earthworms,non_causal
particles,clouds,non_causal
dollars,winner,non_causal
protein,diet,non_causal
jewelry,safe,non_causal
report,payment,non_causal
juice,bottle,non_causal
drive,car,non_causal
canons,tank,non_causal
head,staff,non_causal
footnotes,passages,non_causal
gavel,judge,non_causal
technology,device,non_causal
ale,tankard,non_causal
protocol,committee,non_causal
documents,finance,non_causal
theory,youngster,non_causal
foxes,skulk,non_causal
quire,scribe,non_causal
nectar,apricot,non_causal
oil,countries,non_causal
gill,fish,non_causal
picture,photo,non_causal
rioters,melee,non_causal
symposium,dissemination,non_causal
students,cohort,non_causal
body,suitcase,non_causal
baseboards,house,non_causal
cortex,brain,non_causal
pairs,colony,non_causal
millions,country,non_causal
tuxedo,suitcase,non_causal
recipe,lady,non_causal
system,robot,non_causal
pole,man,non_causal
juice,lime,non_causal
newspaper,performer,non_causal
fluid,cup,non_causal
founders,tv,non_causal
law,slaves,non_causal
coil,steppingmotor,non_causal
approach,study,non_causal
strategy,issues,non_causal
data,category,non_causal
insights,industry,non_causal
laptop,manufacturer,non_causal
gates,palace,non_causal
peephole,experimenter,non_causal
object,orbit,non_causal
lobes,fish,non_causal
comics,characters,non_causal
report,need,non_causal
batteries,team,non_causal
water,plate,non_causal
oxen,drove,non_causal
dress,trunk,non_causal
sediments,lake,non_causal
protein,researchers,non_causal
program,bio-scientist,non_causal
biography,career,non_causal
device,company,non_causal
material,article,non_causal
event,queue,non_causal
pieces,limestone,non_causal
blade,propellor,non_causal
books,incidents,non_causal
convention,kidnapping,non_causal
interview,actions,non_causal
crane,workers,non_causal
extractant,chlorobenzene,non_causal
goat,herd,non_causal
song,band,non_causal
car,driver,non_causal
headline,newspaper,non_causal
inspiration,job,non_causal
artists,seasons,non_causal
absinthe,glasses,non_causal
anvil,stapler,non_causal
results,database,non_causal
glutaminase,terminals,non_causal
vehicle,premises,non_causal
program,therapist,non_causal
painting,museum,non_causal
statute,matter,non_causal
bar,bungalow,non_causal
plane,earth,non_causal
geometry,data,non_causal
shoe,mouth,non_causal
letters,family,non_causal
parts,trucks,non_causal
ashes,pile,non_causal
firearms,factory,non_causal
statement,defendant,non_causal
aliens,space,non_causal
measures,battery,non_causal
president,society,non_causal
tiller,stonebow,non_causal
loopholes,fortress,non_causal
phrase,student,non_causal
artworks,love,non_causal
pasta,territory,non_causal
speech,affairs,non_causal
oranges,tank,non_causal
coil,motor,non_causal
toys,future,non_causal
items,yesterdays,non_causal
debate,value,non_causal
bolt,crossbow,non_causal
sentences,similarities,non_causal
remarks,call,non_causal
robbers,store,non_causal
horses,stable,non_causal
deadline,industry,non_causal
buildings,villains,non_causal
ears,basket,non_causal
products,rubber,non_causal
drum,ear,non_causal
payment,account,non_causal
question,speaker,non_causal
forces,coalition,non_causal
paper,wife,non_causal
cylinder,revolver,non_causal
image,disk,non_causal
report,prisoners,non_causal
certificate,birth,non_causal
indicator,transmitter,non_causal
chapter,history,non_causal
toy,factory,non_causal
dragons,faction,non_causal
soil,cup,non_causal
spikes,knights,non_causal
fireplaces,cottage,non_causal
beer,ginger,non_causal
ring,glass,non_causal
furniture,house,non_causal
movement,sense,non_causal
design,studio,non_causal
report,standards,non_causal
gas,army,non_causal
legs,chairs,non_causal
ingredients,bottle,non_causal
siphon,cistern,non_causal
shelters,hikers,non_causal
patient,toe,non_causal
light,telephone,non_causal
goose,wild,non_causal
geldings,remuda,non_causal
aircraft,structure,non_causal
members,party,non_causal
conversation,privacy,non_causal
icebergs,flotilla,non_causal
galls,larvae,non_causal
concepts,science,non_causal
device,beaker,non_causal
title,myth,non_causal
hedgehogs,array,non_causal
statement,evidence,non_causal
teeth,wolf,non_causal
foods,industry,non_causal
banks,syndicate,non_causal
ice,aircraft,non_causal
population,country,non_causal
ale,wheat,non_causal
parable,rewards,non_causal
riddle,quizmaster,non_causal
warehouse,user,non_causal
web,tarantula,non_causal
courtiers,canaille,non_causal
money,bag,non_causal
court,assumption,non_causal
pikemen,regiment,non_causal
farmhouse,farm,non_causal
toners,hairdresser,non_causal
farmers,cooperative,non_causal
text,cessation,non_causal
speech,experience,non_causal
whiskey,rye,non_causal
sun,shadows,non_causal
software,developer,non_causal
bag,safe,non_causal
batteries,pockets,non_causal
films,therapy,non_causal
rope,rod,non_causal
candle,girl,non_causal
vinegar,person,non_causal
stations,hookup,non_causal
griffins,pryde,non_causal
guidelines,committee,non_causal
images,database,non_causal
cash,bag,non_causal
gimmicks,administration,non_causal
data,health,non_causal
parameter,value,non_causal
works,church,non_causal
mainsail,boat,non_causal
resources,organisations,non_causal
questions,dangers,non_causal
medicine,safe,non_causal
talk,need,non_causal
wasps,bike,non_causal
mail,reference,non_causal
civilians,areas,non_causal
hares,husk,non_causal
organ,builder,non_causal
offfender,neighborhood,non_causal
letter,plans,non_causal
literature,stabilization,non_causal
fins,shark,non_causal
information,database,non_causal
work,researchers,non_causal
debate,comments,non_causal
seats,bus,non_causal
subscribers,countryside,non_causal
bus,group,non_causal
disassembler,author,non_causal
trophy,award,non_causal
article,newspaper,non_causal
egrets,rookery,non_causal
cooker,kitchen,non_causal
consciousness,future,non_causal
ships,flotilla,non_causal
list,increase,non_causal
leaflet,entitlements,non_causal
azeotrope,mixture,non_causal
pocket,trousers,non_causal
pheasants,bouquet,non_causal
report,experts,non_causal
entrance,supermarket,non_causal
pills,parents,non_causal
imagery,poet,non_causal
timer,device,non_causal
file,folder,non_causal
gas,metal,non_causal
astronauts,orbit,non_causal
victim,water,non_causal
boy,school,non_causal
pochards,knob,non_causal
premier,meeting,non_causal
bears,sloth,non_causal
end,electrician,non_causal
staysail,schooner,non_causal
machine,cabinet,non_causal
ants,bike,non_causal
jars,nurses,non_causal
cell,venter,non_causal
elements,earth,non_causal
spectrometer,colleagues,non_causal
ticking,fibers,non_causal
oxygen,cell,non_causal
works,quilters,non_causal
debts,government,non_causal
internet,tech,non_causal
houses,beneficiaries,non_causal
data,sensor,non_causal
toe,foot,non_causal
water,receptacle,non_causal
stove,manufacturer,non_causal
bag,bin,non_causal
investment,drawer,non_causal
string,webserver,non_causal
bearers,management,non_causal
mercenaries,riffraff,non_causal
honeycomb,workers,non_causal
goldfinches,charm,non_causal
sextant,navigator,non_causal
debate,problems,non_causal
promises,leaders,non_causal
products,clients,non_causal
task,group,non_causal
query,servers,non_causal
grouse,brace,non_causal
scientists,desert,non_causal
design,city,non_causal
chicks,clutch,non_causal
muscles,body,non_causal
artists,phalanx,non_causal
works,scheme,non_causal
oil,sunflower,non_causal
desk,floor,non_causal
slider,machine,non_causal
claims,nature,non_causal
wave,region,non_causal
interview,childhood,non_causal
method,company,non_causal
houses,victims,non_causal
catnip,ball,non_causal
pyrometers,manufacturers,non_causal
windmill,boy,non_causal
events,books,non_causal
steroids,muscles,non_causal
liquor,barley,non_causal
wick,candle,non_causal
jewelry,cabinet,non_causal
tools,team,non_causal
marihuana,suitcase,non_causal
hood,truck,non_causal
spirits,rice,non_causal
measures,procedures,non_causal
syringe,nurse,non_causal
collection,company,non_causal
group,facility,non_causal
bark,trunk,non_causal
phone,operator,non_causal
questions,judge,non_causal
dog,owner,non_causal
composition,author,non_causal
photograph,quilt,non_causal
marines,port,non_causal
items,house,non_causal
feedback,readers,non_causal
infantrymen,regiment,non_causal
power,grid,non_causal
report,panel,non_causal
router,company,non_causal
lobby,building,non_causal
jelly,blackberry,non_causal
grains,countries,non_causal
walls,sultan,non_causal
activities,programmes,non_causal
barrier,organizers,non_causal
blade,saw,non_causal
coil,electromagnet,non_causal
